Time Stamp,Name,PTID,LBMP ($/MWHr),Marginal Cost Losses ($/MWHr),Marginal Cost Congestion ($/MWHr)
09/23/2026 00:00,CAPITL,61757,34.97,1.15,0.00
09/23/2026 00:00,CENTRL,61754,33.55,-0.27,0.00
09/23/2026 00:00,DUNWOD,61760,35.68,1.86,0.00
09/23/2026 00:00,GENESE,61753,32.23,-1.59,0.00
09/23/2026 00:00,H Q,61844,33.72,-0.10,0.00
09/23/2026 00:00,HUD VL,61758,35.45,1.62,0.00
09/23/2026 00:00,LONGIL,61762,36.43,2.60,0.00
09/23/2026 00:00,MHK VL,61756,34.94,1.11,0.00
09/23/2026 00:00,MILLWD,61759,35.58,1.76,0.00
09/23/2026 00:00,N.Y.C.,61761,35.82,1.99,-0.01
09/23/2026 00:00,NORTH,61755,33.96,0.14,0.00
09/23/2026 00:00,NPX,61845,35.14,1.32,0.00
09/23/2026 00:00,O H,61846,30.68,-3.14,0.00
09/23/2026 00:00,PJM,61847,30.30,-0.40,3.12
09/23/2026 00:00,WEST,61752,30.71,-3.11,0.00
09/23/2026 01:00,CAPITL,61757,31.05,0.96,0.00
09/23/2026 01:00,CENTRL,61754,29.85,-0.24,0.00
09/23/2026 01:00,DUNWOD,61760,31.68,1.59,0.00
09/23/2026 01:00,GENESE,61753,28.79,-1.29,0.00
09/23/2026 01:00,H Q,61844,30.00,-0.09,0.00
09/23/2026 01:00,HUD VL,61758,31.47,1.38,0.00
09/23/2026 01:00,LONGIL,61762,32.19,2.11,0.00
09/23/2026 01:00,MHK VL,61756,31.05,0.96,0.00
09/23/2026 01:00,MILLWD,61759,31.59,1.50,0.00
09/23/2026 01:00,N.Y.C.,61761,31.78,1.68,-0.01
09/23/2026 01:00,NORTH,61755,30.24,0.15,0.00
09/23/2026 01:00,NPX,61845,31.73,1.14,-0.50
09/23/2026 01:00,O H,61846,27.50,-2.59,0.00
09/23/2026 01:00,PJM,61847,26.20,-0.33,3.56
09/23/2026 01:00,WEST,61752,27.62,-2.47,0.00
09/23/2026 02:00,CAPITL,61757,30.18,0.94,0.00
09/23/2026 02:00,CENTRL,61754,29.01,-0.23,0.00
09/23/2026 02:00,DUNWOD,61760,30.74,1.49,0.00
09/23/2026 02:00,GENESE,61753,27.96,-1.29,0.00
09/23/2026 02:00,H Q,61844,29.19,-0.06,0.00
09/23/2026 02:00,HUD VL,61758,30.56,1.32,0.00
09/23/2026 02:00,LONGIL,61762,31.17,1.93,0.00
09/23/2026 02:00,MHK VL,61756,30.15,0.91,0.00
09/23/2026 02:00,MILLWD,61759,30.65,1.40,0.00
09/23/2026 02:00,N.Y.C.,61761,30.85,1.61,0.00
09/23/2026 02:00,NORTH,61755,29.45,0.21,0.00
09/23/2026 02:00,NPX,61845,30.33,1.08,0.00
09/23/2026 02:00,O H,61846,26.73,-2.52,0.00
09/23/2026 02:00,PJM,61847,24.00,-0.53,4.72
09/23/2026 02:00,WEST,61752,26.82,-2.43,0.00
09/23/2026 03:00,CAPITL,61757,29.63,0.92,0.00
09/23/2026 03:00,CENTRL,61754,28.51,-0.20,0.00
09/23/2026 03:00,DUNWOD,61760,30.17,1.46,0.00
09/23/2026 03:00,GENESE,61753,27.53,-1.18,0.00
09/23/2026 03:00,H Q,61844,28.65,-0.06,0.00
09/23/2026 03:00,HUD VL,61758,29.97,1.26,0.00
09/23/2026 03:00,LONGIL,61762,30.55,1.84,0.00
09/23/2026 03:00,MHK VL,61756,29.60,0.89,0.00
09/23/2026 03:00,MILLWD,61759,30.06,1.35,0.00
09/23/2026 03:00,N.Y.C.,61761,30.31,1.61,0.00
09/23/2026 03:00,NORTH,61755,28.91,0.20,0.00
09/23/2026 03:00,NPX,61845,29.74,1.03,0.00
09/23/2026 03:00,O H,61846,26.27,-2.44,0.00
09/23/2026 03:00,PJM,61847,21.94,-0.52,6.25
09/23/2026 03:00,WEST,61752,26.33,-2.38,0.00
09/23/2026 04:00,CAPITL,61757,30.13,0.96,0.00
09/23/2026 04:00,CENTRL,61754,28.97,-0.20,0.00
09/23/2026 04:00,DUNWOD,61760,30.66,1.49,0.00
09/23/2026 04:00,GENESE,61753,27.89,-1.28,0.00
09/23/2026 04:00,H Q,61844,29.11,-0.06,0.00
09/23/2026 04:00,HUD VL,61758,30.45,1.28,0.00
09/23/2026 04:00,LONGIL,61762,31.04,1.87,0.00
09/23/2026 04:00,MHK VL,61756,30.16,0.99,0.00
09/23/2026 04:00,MILLWD,61759,30.57,1.40,0.00
09/23/2026 04:00,N.Y.C.,61761,30.80,1.63,0.00
09/23/2026 04:00,NORTH,61755,29.35,0.18,0.00
09/23/2026 04:00,NPX,61845,30.25,1.08,0.00
09/23/2026 04:00,O H,61846,26.63,-2.54,0.00
09/23/2026 04:00,PJM,61847,22.00,-0.52,6.65
09/23/2026 04:00,WEST,61752,26.72,-2.45,0.00
09/23/2026 05:00,CAPITL,61757,33.28,1.06,0.00
09/23/2026 05:00,CENTRL,61754,32.12,-0.10,0.00
09/23/2026 05:00,DUNWOD,61760,33.79,1.58,0.00
09/23/2026 05:00,GENESE,61753,30.99,-1.22,0.00
09/23/2026 05:00,H Q,61844,32.93,-0.06,-0.78
09/23/2026 05:00,HUD VL,61758,33.60,1.38,0.00
09/23/2026 05:00,LONGIL,61762,34.05,1.84,0.00
09/23/2026 05:00,MHK VL,61756,33.37,1.16,0.00
09/23/2026 05:00,MILLWD,61759,33.70,1.48,0.00
09/23/2026 05:00,N.Y.C.,61761,33.92,1.71,0.00
09/23/2026 05:00,NORTH,61755,32.41,0.19,0.00
09/23/2026 05:00,NPX,61845,34.05,1.06,-0.78
09/23/2026 05:00,O H,61846,30.35,-2.64,-0.78
09/23/2026 05:00,PJM,61847,25.20,-0.55,6.47
09/23/2026 05:00,WEST,61752,29.70,-2.51,0.00
09/23/2026 06:00,CAPITL,61757,43.27,1.50,0.00
09/23/2026 06:00,CENTRL,61754,41.53,-0.25,-0.01
09/23/2026 06:00,DUNWOD,61760,43.86,2.09,0.00
09/23/2026 06:00,GENESE,61753,39.68,-2.09,0.00
09/23/2026 06:00,H Q,61844,40.91,-0.08,0.78
09/23/2026 06:00,HUD VL,61758,43.57,1.79,0.00
09/23/2026 06:00,LONGIL,61762,43.82,2.05,0.00
09/23/2026 06:00,MHK VL,61756,43.61,1.84,0.00
09/23/2026 06:00,MILLWD,61759,43.69,1.92,0.00
09/23/2026 06:00,N.Y.C.,61761,43.94,2.17,0.00
09/23/2026 06:00,NORTH,61755,42.23,0.46,0.00
09/23/2026 06:00,NPX,61845,42.37,1.38,0.78
09/23/2026 06:00,O H,61846,36.51,-4.47,0.79
09/23/2026 06:00,PJM,61847,35.74,-1.09,4.94
09/23/2026 06:00,WEST,61752,37.75,-4.01,0.02
09/23/2026 07:00,CAPITL,61757,47.87,1.80,0.00
09/23/2026 07:00,CENTRL,61754,45.81,-0.27,-0.01
09/23/2026 07:00,DUNWOD,61760,48.75,2.67,0.00
09/23/2026 07:00,GENESE,61753,43.82,-2.26,0.00
09/23/2026 07:00,H Q,61844,40.49,-0.14,5.45
09/23/2026 07:00,HUD VL,61758,48.34,2.26,0.00
09/23/2026 07:00,LONGIL,61762,48.89,2.81,0.00
09/23/2026 07:00,MHK VL,61756,48.06,1.98,0.00
09/23/2026 07:00,MILLWD,61759,48.52,2.44,0.00
09/23/2026 07:00,N.Y.C.,61761,48.75,2.67,0.00
09/23/2026 07:00,NORTH,61755,46.36,0.28,0.00
09/23/2026 07:00,NPX,61845,42.52,1.89,5.45
09/23/2026 07:00,O H,61846,35.83,-4.79,5.46
09/23/2026 07:00,PJM,61847,38.00,-0.92,7.16
09/23/2026 07:00,WEST,61752,42.05,-4.01,0.02
09/23/2026 08:00,CAPITL,61757,36.54,1.10,0.00
09/23/2026 08:00,CENTRL,61754,34.94,-0.39,0.11
09/23/2026 08:00,DUNWOD,61760,38.31,2.87,0.00
09/23/2026 08:00,GENESE,61753,33.25,-1.88,0.32
09/23/2026 08:00,H Q,61844,39.76,-0.14,-4.46
09/23/2026 08:00,HUD VL,61758,37.74,2.30,0.00
09/23/2026 08:00,LONGIL,61762,39.03,3.58,-0.01
09/23/2026 08:00,MHK VL,61756,36.50,1.06,0.00
09/23/2026 08:00,MILLWD,61759,38.03,2.59,0.00
09/23/2026 08:00,N.Y.C.,61761,38.56,3.12,0.00
09/23/2026 08:00,NORTH,61755,35.48,0.04,0.00
09/23/2026 08:00,NPX,61845,41.50,1.60,-4.46
09/23/2026 08:00,O H,61846,35.97,-3.62,-4.15
09/23/2026 08:00,PJM,61847,36.00,-0.32,-0.88
09/23/2026 08:00,WEST,61752,31.88,-3.26,0.30
09/23/2026 09:00,CAPITL,61757,31.41,0.62,0.00
09/23/2026 09:00,CENTRL,61754,30.52,-0.28,0.00
09/23/2026 09:00,DUNWOD,61760,33.23,2.43,0.00
09/23/2026 09:00,GENESE,61753,29.53,-1.26,0.00
09/23/2026 09:00,H Q,61844,31.65,-0.12,-0.98
09/23/2026 09:00,HUD VL,61758,32.67,1.88,0.00
09/23/2026 09:00,LONGIL,61762,35.94,3.11,-2.04
09/23/2026 09:00,MHK VL,61756,31.47,0.68,0.00
09/23/2026 09:00,MILLWD,61759,32.98,2.19,0.00
09/23/2026 09:00,N.Y.C.,61761,33.47,2.68,0.00
09/23/2026 09:00,NORTH,61755,30.76,-0.03,0.00
09/23/2026 09:00,NPX,61845,33.10,1.32,-0.98
09/23/2026 09:00,O H,61846,29.37,-2.40,-0.97
09/23/2026 09:00,PJM,61847,31.77,0.00,-0.98
09/23/2026 09:00,WEST,61752,28.44,-2.34,0.01
09/23/2026 10:00,CAPITL,61757,30.44,0.45,0.00
09/23/2026 10:00,CENTRL,61754,29.75,-0.24,0.00
09/23/2026 10:00,DUNWOD,61760,32.53,2.52,-0.02
09/23/2026 10:00,GENESE,61753,28.91,-1.08,0.00
09/23/2026 10:00,H Q,61844,29.87,-0.12,0.00
09/23/2026 10:00,HUD VL,61758,31.91,1.92,0.00
09/23/2026 10:00,LONGIL,61762,35.23,3.15,-2.09
09/23/2026 10:00,MHK VL,61756,30.68,0.69,0.00
09/23/2026 10:00,MILLWD,61759,32.21,2.22,0.00
09/23/2026 10:00,N.Y.C.,61761,32.81,2.79,-0.02
09/23/2026 10:00,NORTH,61755,29.96,-0.03,0.00
09/23/2026 10:00,NPX,61845,31.16,1.17,0.00
09/23/2026 10:00,O H,61846,27.77,-2.22,0.01
09/23/2026 10:00,PJM,61847,30.15,0.15,0.00
09/23/2026 10:00,WEST,61752,27.91,-2.07,0.01
09/23/2026 11:00,CAPITL,61757,29.32,0.40,0.00
09/23/2026 11:00,CENTRL,61754,28.62,-0.29,0.00
09/23/2026 11:00,DUNWOD,61760,31.33,2.40,-0.02
09/23/2026 11:00,GENESE,61753,27.82,-1.10,0.00
09/23/2026 11:00,H Q,61844,28.77,-0.14,0.00
09/23/2026 11:00,HUD VL,61758,30.74,1.82,0.00
09/23/2026 11:00,LONGIL,61762,31.79,2.86,-0.01
09/23/2026 11:00,MHK VL,61756,29.64,0.72,0.00
09/23/2026 11:00,MILLWD,61759,31.02,2.11,0.00
09/23/2026 11:00,N.Y.C.,61761,31.60,2.66,-0.02
09/23/2026 11:00,NORTH,61755,28.86,-0.06,0.00
09/23/2026 11:00,NPX,61845,30.10,1.19,0.00
09/23/2026 11:00,O H,61846,26.81,-2.11,0.00
09/23/2026 11:00,PJM,61847,29.04,0.12,-0.01
09/23/2026 11:00,WEST,61752,26.75,-2.17,0.00
09/23/2026 12:00,CAPITL,61757,29.57,0.38,0.00
09/23/2026 12:00,CENTRL,61754,28.93,-0.26,0.00
09/23/2026 12:00,DUNWOD,61760,31.66,2.45,-0.02
09/23/2026 12:00,GENESE,61753,28.17,-1.02,0.00
09/23/2026 12:00,H Q,61844,29.07,-0.12,0.00
09/23/2026 12:00,HUD VL,61758,31.06,1.87,0.00
09/23/2026 12:00,LONGIL,61762,31.95,2.74,-0.01
09/23/2026 12:00,MHK VL,61756,29.89,0.70,0.00
09/23/2026 12:00,MILLWD,61759,31.35,2.16,0.00
09/23/2026 12:00,N.Y.C.,61761,31.96,2.74,-0.03
09/23/2026 12:00,NORTH,61755,29.13,-0.06,0.00
09/23/2026 12:00,NPX,61845,30.30,1.11,0.00
09/23/2026 12:00,O H,61846,27.18,-2.01,0.00
09/23/2026 12:00,PJM,61847,29.40,0.21,-0.01
09/23/2026 12:00,WEST,61752,27.15,-2.04,0.00
09/23/2026 13:00,CAPITL,61757,29.44,0.41,0.00
09/23/2026 13:00,CENTRL,61754,28.72,-0.32,0.00
09/23/2026 13:00,DUNWOD,61760,31.52,2.47,-0.02
09/23/2026 13:00,GENESE,61753,27.96,-1.07,0.00
09/23/2026 13:00,H Q,61844,28.89,-0.14,0.00
09/23/2026 13:00,HUD VL,61758,30.92,1.89,0.00
09/23/2026 13:00,LONGIL,61762,31.90,2.85,-0.01
09/23/2026 13:00,MHK VL,61756,29.82,0.78,0.00
09/23/2026 13:00,MILLWD,61759,31.24,2.21,0.00
09/23/2026 13:00,N.Y.C.,61761,31.82,2.76,-0.03
09/23/2026 13:00,NORTH,61755,28.95,-0.09,0.00
09/23/2026 13:00,NPX,61845,30.20,1.16,0.00
09/23/2026 13:00,O H,61846,26.98,-2.06,0.00
09/23/2026 13:00,PJM,61847,29.25,0.20,-0.01
09/23/2026 13:00,WEST,61752,26.95,-2.09,0.00
09/23/2026 14:00,CAPITL,61757,30.20,0.47,0.00
09/23/2026 14:00,CENTRL,61754,29.43,-0.30,0.00
09/23/2026 14:00,DUNWOD,61760,32.24,2.50,-0.02
09/23/2026 14:00,GENESE,61753,28.59,-1.13,0.00
09/23/2026 14:00,H Q,61844,29.58,-0.15,0.00
09/23/2026 14:00,HUD VL,61758,31.63,1.90,0.00
09/23/2026 14:00,LONGIL,61762,32.50,2.76,-0.01
09/23/2026 14:00,MHK VL,61756,30.44,0.71,0.00
09/23/2026 14:00,MILLWD,61759,31.92,2.20,0.00
09/23/2026 14:00,N.Y.C.,61761,32.58,2.83,-0.03
09/23/2026 14:00,NORTH,61755,29.61,-0.12,0.00
09/23/2026 14:00,NPX,61845,30.94,1.22,0.00
09/23/2026 14:00,O H,61846,27.61,-2.11,0.01
09/23/2026 14:00,PJM,61847,29.94,0.21,0.00
09/23/2026 14:00,WEST,61752,27.60,-2.11,0.01
09/23/2026 15:00,CAPITL,61757,31.21,0.67,0.00
09/23/2026 15:00,CENTRL,61754,30.12,-0.46,-0.05
09/23/2026 15:00,DUNWOD,61760,33.27,2.72,-0.02
09/23/2026 15:00,GENESE,61753,28.80,-1.74,0.00
09/23/2026 15:00,H Q,61844,30.38,-0.15,0.00
09/23/2026 15:00,HUD VL,61758,32.64,2.11,0.00
09/23/2026 15:00,LONGIL,61762,36.70,3.39,-2.78
09/23/2026 15:00,MHK VL,61756,31.27,0.73,0.00
09/23/2026 15:00,MILLWD,61759,32.98,2.44,0.00
09/23/2026 15:00,N.Y.C.,61761,33.61,3.05,-0.03
09/23/2026 15:00,NORTH,61755,30.44,-0.09,0.00
09/23/2026 15:00,NPX,61845,32.00,1.47,0.00
09/23/2026 15:00,O H,61846,27.46,-2.96,0.11
09/23/2026 15:00,PJM,61847,30.60,0.09,0.03
09/23/2026 15:00,WEST,61752,28.13,-2.29,0.12
09/23/2026 16:00,CAPITL,61757,33.34,0.84,0.00
09/23/2026 16:00,CENTRL,61754,34.08,-0.46,-2.03
09/23/2026 16:00,DUNWOD,61760,38.29,2.89,-2.90
09/23/2026 16:00,GENESE,61753,30.68,-1.82,0.00
09/23/2026 16:00,H Q,61844,34.31,-0.16,-1.97
09/23/2026 16:00,HUD VL,61758,34.81,2.31,0.00
09/23/2026 16:00,LONGIL,61762,38.12,3.38,-2.24
09/23/2026 16:00,MHK VL,61756,33.25,0.75,0.00
09/23/2026 16:00,MILLWD,61759,35.10,2.60,0.00
09/23/2026 16:00,N.Y.C.,61761,39.58,3.19,-3.89
09/23/2026 16:00,NORTH,61755,32.37,-0.13,0.00
09/23/2026 16:00,NPX,61845,36.06,1.59,-1.97
09/23/2026 16:00,O H,61846,26.89,-3.15,2.45
09/23/2026 16:00,PJM,61847,33.90,0.07,-1.34
09/23/2026 16:00,WEST,61752,24.40,-2.37,5.73
09/23/2026 17:00,CAPITL,61757,42.20,1.39,0.00
09/23/2026 17:00,CENTRL,61754,40.04,-0.53,0.24
09/23/2026 17:00,DUNWOD,61760,44.20,3.39,0.00
09/23/2026 17:00,GENESE,61753,37.20,-2.49,1.12
09/23/2026 17:00,H Q,61844,41.30,-0.20,-0.69
09/23/2026 17:00,HUD VL,61758,43.59,2.78,0.00
09/23/2026 17:00,LONGIL,61762,44.94,4.12,-0.01
09/23/2026 17:00,MHK VL,61756,41.99,1.18,0.00
09/23/2026 17:00,MILLWD,61759,43.91,3.10,0.00
09/23/2026 17:00,N.Y.C.,61761,44.40,3.59,0.00
09/23/2026 17:00,NORTH,61755,40.73,-0.08,0.00
09/23/2026 17:00,NPX,61845,43.50,2.00,-0.69
09/23/2026 17:00,O H,61846,35.43,-4.57,0.81
09/23/2026 17:00,PJM,61847,40.58,-0.28,-0.05
09/23/2026 17:00,WEST,61752,35.60,-3.63,1.58
09/23/2026 18:00,CAPITL,61757,50.99,1.72,0.00
09/23/2026 18:00,CENTRL,61754,48.27,-0.15,0.85
09/23/2026 18:00,DUNWOD,61760,52.46,3.20,0.00
09/23/2026 18:00,GENESE,61753,45.00,-1.97,2.29
09/23/2026 18:00,H Q,61844,46.41,-0.20,2.66
09/23/2026 18:00,HUD VL,61758,51.97,2.71,0.00
09/23/2026 18:00,LONGIL,61762,53.16,3.89,-0.01
09/23/2026 18:00,MHK VL,61756,51.18,1.92,0.00
09/23/2026 18:00,MILLWD,61759,52.17,2.91,0.00
09/23/2026 18:00,N.Y.C.,61761,52.32,3.06,0.00
09/23/2026 18:00,NORTH,61755,49.36,0.10,0.00
09/23/2026 18:00,NPX,61845,48.48,1.87,2.66
09/23/2026 18:00,O H,61846,39.50,-4.88,4.89
09/23/2026 18:00,PJM,61847,45.00,-0.59,3.68
09/23/2026 18:00,WEST,61752,42.45,-4.73,2.08
09/23/2026 19:00,CAPITL,61757,53.72,1.67,0.00
09/23/2026 19:00,CENTRL,61754,50.81,-0.26,0.99
09/23/2026 19:00,DUNWOD,61760,54.61,2.55,0.00
09/23/2026 19:00,GENESE,61753,47.20,-2.18,2.67
09/23/2026 19:00,H Q,61844,52.06,0.00,0.00
09/23/2026 19:00,HUD VL,61758,54.19,2.14,0.00
09/23/2026 19:00,LONGIL,61762,55.29,3.23,0.00
09/23/2026 19:00,MHK VL,61756,54.14,2.08,0.00
09/23/2026 19:00,MILLWD,61759,54.40,2.34,0.00
09/23/2026 19:00,N.Y.C.,61761,54.50,2.45,0.00
09/23/2026 19:00,NORTH,61755,52.53,0.47,0.00
09/23/2026 19:00,NPX,61845,53.51,1.46,0.00
09/23/2026 19:00,O H,61846,43.84,-5.62,2.59
09/23/2026 19:00,PJM,61847,49.63,-1.25,1.18
09/23/2026 19:00,WEST,61752,44.07,-5.57,2.42
09/23/2026 20:00,CAPITL,61757,47.00,1.41,0.00
09/23/2026 20:00,CENTRL,61754,44.57,-0.37,0.65
09/23/2026 20:00,DUNWOD,61760,47.86,2.28,0.00
09/23/2026 20:00,GENESE,61753,41.63,-2.19,1.77
09/23/2026 20:00,H Q,61844,45.63,0.05,0.00
09/23/2026 20:00,HUD VL,61758,47.54,1.96,0.00
09/23/2026 20:00,LONGIL,61762,48.23,2.64,0.00
09/23/2026 20:00,MHK VL,61756,47.54,1.96,0.00
09/23/2026 20:00,MILLWD,61759,47.68,2.10,0.00
09/23/2026 20:00,N.Y.C.,61761,47.81,2.23,0.00
09/23/2026 20:00,NORTH,61755,46.04,0.46,0.00
09/23/2026 20:00,NPX,61845,46.95,1.37,0.00
09/23/2026 20:00,O H,61846,38.66,-5.20,1.73
09/23/2026 20:00,PJM,61847,43.57,-1.23,0.79
09/23/2026 20:00,WEST,61752,38.82,-5.15,1.61
09/23/2026 21:00,CAPITL,61757,40.22,1.36,0.00
09/23/2026 21:00,CENTRL,61754,38.04,-0.46,0.36
09/23/2026 21:00,DUNWOD,61760,41.04,2.17,0.00
09/23/2026 21:00,GENESE,61753,35.70,-2.18,0.99
09/23/2026 21:00,H Q,61844,38.86,0.00,0.00
09/23/2026 21:00,HUD VL,61758,40.65,1.79,0.00
09/23/2026 21:00,LONGIL,61762,41.58,2.72,0.00
09/23/2026 21:00,MHK VL,61756,40.38,1.51,0.00
09/23/2026 21:00,MILLWD,61759,40.84,1.98,0.00
09/23/2026 21:00,N.Y.C.,61761,41.07,2.21,0.00
09/23/2026 21:00,NORTH,61755,39.10,0.23,0.00
09/23/2026 21:00,NPX,61845,40.30,1.44,0.00
09/23/2026 21:00,O H,61846,33.12,-4.78,0.96
09/23/2026 21:00,PJM,61847,36.50,-1.16,1.20
09/23/2026 21:00,WEST,61752,33.22,-4.74,0.90
09/23/2026 22:00,CAPITL,61757,38.93,1.28,0.00
09/23/2026 22:00,CENTRL,61754,36.80,-0.49,0.35
09/23/2026 22:00,DUNWOD,61760,39.94,2.30,0.00
09/23/2026 22:00,GENESE,61753,34.58,-2.11,0.96
09/23/2026 22:00,H Q,61844,37.65,0.00,0.00
09/23/2026 22:00,HUD VL,61758,39.53,1.88,0.00
09/23/2026 22:00,LONGIL,61762,39.94,2.30,0.00
09/23/2026 22:00,MHK VL,61756,39.00,1.35,0.00
09/23/2026 22:00,MILLWD,61759,39.72,2.07,0.00
09/23/2026 22:00,N.Y.C.,61761,40.13,2.48,0.00
09/23/2026 22:00,NORTH,61755,37.87,0.23,0.00
09/23/2026 22:00,NPX,61845,39.00,1.35,0.00
09/23/2026 22:00,O H,61846,32.26,-4.44,0.94
09/23/2026 22:00,PJM,61847,30.00,-1.01,6.63
09/23/2026 22:00,WEST,61752,32.28,-4.48,0.88
09/23/2026 23:00,CAPITL,61757,34.96,1.02,0.00
09/23/2026 23:00,CENTRL,61754,33.55,-0.24,0.16
09/23/2026 23:00,DUNWOD,61760,35.71,1.76,0.00
09/23/2026 23:00,GENESE,61753,32.19,-1.32,0.43
09/23/2026 23:00,H Q,61844,33.95,0.00,0.00
09/23/2026 23:00,HUD VL,61758,35.44,1.49,0.00
09/23/2026 23:00,LONGIL,61762,35.68,1.73,0.00
09/23/2026 23:00,MHK VL,61756,35.17,1.22,0.00
09/23/2026 23:00,MILLWD,61759,35.58,1.63,0.00
09/23/2026 23:00,N.Y.C.,61761,35.95,2.00,0.00
09/23/2026 23:00,NORTH,61755,34.19,0.24,0.00
09/23/2026 23:00,NPX,61845,35.00,1.05,0.00
09/23/2026 23:00,O H,61846,30.82,-2.72,0.41
09/23/2026 23:00,PJM,61847,28.97,-0.54,4.43
09/23/2026 23:00,WEST,61752,30.88,-2.68,0.39
